Algorithm,Sample_size,Number of Digits,Rounds_won,Score,Score/Guess,Runtime
bercowPoolParty,100,5,13.87,6284.55,20.9485,0.21926897287368774
genetic,100,5,6.935,6215.675,20.71891666666667,0.13913058519363403
totallyRandom,100,5,4.623333333333333,5248.983333333334,17.49661111111111,0.10864233414332072
Algorithm,Sample_size,Number of Digits,Rounds_won,Score,Score/Guess,Runtime
bercowPoolParty,100,7,10.81,9652.6,32.175333333333334,3.4956332731246946
genetic,100,7,5.405,9148.75,30.495833333333334,1.7868355178833009
totallyRandom,100,7,3.6033333333333335,7964.233333333334,26.547444444444444,1.2103948211669922
