Algorithm,Sample_size,Number of Digits,Rounds_won,Score,Score/Guess, Runtime

genetic,1,4,0,4305,14.35
totallyRandom,1,4,0,6955,11.591666666666667
secretPoolEliminator,1,4,14,11205,12.45

With random first guesses
genetic,1,4,0,2985,9.95
totallyRandom,1,4,0,5140,8.566666666666666
secretPoolEliminator,1,4,14,9595,10.661111111111111
genetic,1,4,0,5890,19.633333333333333
totallyRandom,1,4,0,8135,13.558333333333334
secretPoolEliminator,1,4,14,12295,13.66111111111111
genetic,1,4,0,3050,10.166666666666666
totallyRandom,1,4,0,5285,8.808333333333334
secretPoolEliminator,1,4,13,9490,10.544444444444444
genetic,1,4,0,5860,19.533333333333335,0.008997201919555664
totallyRandom,1,4,0,8580,14.3,0.006998538970947266
secretPoolEliminator,1,4,15,12640,14.044444444444444,9.744822263717651
genetic,1,4,0,4430,14.766666666666667,0.008997917175292969
totallyRandom,1,4,0,6620,11.033333333333333,0.0059967041015625
secretPoolEliminator,1,4,15,10835,12.038888888888888,8.722156524658203
genetic,1,4,0,8725,29.083333333333332,0.008996248245239258
totallyRandom,1,4,0,11425,19.041666666666668,0.006997823715209961
secretPoolEliminator,1,4,14,15520,17.244444444444444,8.727157592773438
genetic,1,4,0,4450,14.833333333333334,0.09522175788879395
totallyRandom,1,4,0,6700,11.166666666666666,0.07715702056884766
secretPoolEliminator,1,4,14,10875,12.083333333333334,33.85471153259277
genetic,1,4,0,2980,9.933333333333334,0.07611751556396484
totallyRandom,1,4,0,5315,8.858333333333333,0.06079232692718506
secretPoolEliminator,1,4,13,9675,10.75,9.128399848937988
genetic,5,4,0,24835,16.55666666666667,0.07026119232177734
totallyRandom,5,4,1,36730,12.243333333333334,0.05558390617370605
secretPoolEliminator,5,4,72,57880,12.862222222222222,11.061781024932861
