Algorithm,Sample_size,Number of Digits,Rounds_won,Score,Score/Guess

genetic,100,4,2,519580,17.319333333333333
totallyRandom,100,4,4,764750,12.745833333333334
secretPoolEliminator,100,4,1432,1177315,13.081277777777778
