Algorithm,Sample_size,Number of Digits,Rounds_won,Score,Score/Guess,Runtime
totallyRandom,100,4,0.02,2428.6,8.095333333333333,0.04578845977783203
genetic,100,4,0.01,3870.3,12.901,0.045724060535430905
basicBercow,100,4,3.033333333333333,4412.6,14.708666666666668,0.043798431555430097
secretPoolEliminator,100,4,5.8675,4348.6,14.495333333333335,8.160667833089828
